,952,1,0,952 confidents,1 confidents,0 confidents
0,[  1 588],[  1 553],[  1 952],0.8224437832832336,0.041548751294612885,0.0912117213010788
